INSERT INTO REGION VALUES ('REGION_1', 'Northwest (NW)');
INSERT INTO REGION VALUES ('REGION_2', 'Southwest (SW)');
INSERT INTO REGION VALUES ('REGION_3', 'Midwest North (MN)');
INSERT INTO REGION VALUES ('REGION_4', 'Midwest South (MS)');
INSERT INTO REGION VALUES ('REGION_5', 'Northeast (NE)');
INSERT INTO REGION VALUES ('REGION_6', 'Southeast (SE)');

INSERT INTO SKILL_COLLECTION VALUES ('SKILL_1', 'Data Entry I', NULL);
INSERT INTO SKILL_COLLECTION VALUES ('SKILL_2', 'Data Entry II', NULL);
INSERT INTO SKILL_COLLECTION VALUES ('SKILL_3', 'Systems Analyst I', NULL);
INSERT INTO SKILL_COLLECTION VALUES ('SKILL_4', 'Systems Analyst II', NULL);
INSERT INTO SKILL_COLLECTION VALUES ('SKILL_5', 'Database Designer I', NULL);
INSERT INTO SKILL_COLLECTION VALUES ('SKILL_6', 'Database Designer II', NULL);
INSERT INTO SKILL_COLLECTION VALUES ('SKILL_7', 'Java I', NULL);
INSERT INTO SKILL_COLLECTION VALUES ('SKILL_8', 'Java II', NULL);
INSERT INTO SKILL_COLLECTION VALUES ('SKILL_9', 'C++ I', NULL);
INSERT INTO SKILL_COLLECTION VALUES ('SKILL_10', 'C++ II', NULL);
INSERT INTO SKILL_COLLECTION VALUES ('SKILL_11', 'Python I', NULL);
INSERT INTO SKILL_COLLECTION VALUES ('SKILL_12', 'Python II', NULL);
INSERT INTO SKILL_COLLECTION VALUES ('SKILL_13', 'ColdFusion I', NULL);
INSERT INTO SKILL_COLLECTION VALUES ('SKILL_14', 'ColdFusion II', NULL);
INSERT INTO SKILL_COLLECTION VALUES ('SKILL_15', 'ASP I', NULL);
INSERT INTO SKILL_COLLECTION VALUES ('SKILL_16', 'ASP II', NULL);
INSERT INTO SKILL_COLLECTION VALUES ('SKILL_17', 'Oracle DBA', NULL);
INSERT INTO SKILL_COLLECTION VALUES ('SKILL_18', 'MS SQL Server DBA', NULL);
INSERT INTO SKILL_COLLECTION VALUES ('SKILL_19', 'Network Engineer I', NULL);
INSERT INTO SKILL_COLLECTION VALUES ('SKILL_20', 'Network Engineer II', NULL);
INSERT INTO SKILL_COLLECTION VALUES ('SKILL_21', 'Web Administrator', NULL);
INSERT INTO SKILL_COLLECTION VALUES ('SKILL_22', 'Technical Writer', NULL);
INSERT INTO SKILL_COLLECTION VALUES ('SKILL_23', 'Project Manager', NULL);

INSERT INTO EMPLOYEE VALUES ('E1', 'Shane', 'S.', 'Burklow', 'REGION_1', DATE '2018-04-15');
INSERT INTO EMPLOYEE VALUES ('E2', 'Sean', 'S.', 'Connor', 'REGION_6', DATE DATE '2018-03-30');
INSERT INTO EMPLOYEE VALUES ('E3', 'Mary', 'S.', 'Smith', 'REGION_5', DATE '2018-06-13');
INSERT INTO EMPLOYEE VALUES ('E4', 'Emily', 'E.', 'Bush', 'REGION_4', DATE '2018-02-01');
INSERT INTO EMPLOYEE VALUES ('E5', 'Jose', 'J.', 'Smith', 'REGION_3', DATE '2018-05-04');
INSERT INTO EMPLOYEE VALUES ('E6', 'Frank', 'M.', 'Smith', 'REGION_1', DATE '2018-11-23');
INSERT INTO EMPLOYEE VALUES ('E7', 'Steve', 'S.', 'Zebras', 'REGION_2', DATE '2018-12-17');
INSERT INTO EMPLOYEE VALUES ('E8', 'Marcus', 'M.', 'Ellis', 'REGION_3', DATE '2018-07-21');
INSERT INTO EMPLOYEE VALUES ('E9', 'Timothy', 'V.', 'Ephanor', 'REGION_6', DATE '2018-09-07');
INSERT INTO EMPLOYEE VALUES ('E10', 'Adam', 'A.', 'Summers', 'REGION_1', DATE '2018-01-29');

INSERT INTO EMPLOYEE_SKILL VALUES ('ES1', 'SKILL_10');
INSERT INTO EMPLOYEE_SKILL VALUES ('ES2', 'SKILL_1');
INSERT INTO EMPLOYEE_SKILL VALUES ('ES3', 'SKILL_2');
INSERT INTO EMPLOYEE_SKILL VALUES ('ES4', 'SKILL_5');
INSERT INTO EMPLOYEE_SKILL VALUES ('ES5', 'SKILL_8');
INSERT INTO EMPLOYEE_SKILL VALUES ('ES6', 'SKILL_11');
INSERT INTO EMPLOYEE_SKILL VALUES ('ES7', 'SKILL_13');
INSERT INTO EMPLOYEE_SKILL VALUES ('ES8', 'SKILL_18');
INSERT INTO EMPLOYEE_SKILL VALUES ('ES9', 'SKILL_20');
INSERT INTO EMPLOYEE_SKILL VALUES ('ES10', 'SKILL_21');

INSERT INTO CUSTOMER VALUES ('C01', 'Rogers', 'Adam', '805151300', 'REGION_1');
INSERT INTO CUSTOMER VALUES ('C02', 'Brad', 'Paine', '813022724', 'REGION_5');
INSERT INTO CUSTOMER VALUES ('C03', 'Larry', 'Bender', '989994431', 'REGION_4');
INSERT INTO CUSTOMER VALUES ('C04', 'Miriam', 'Duarte', '798735682', 'REGION_3');
INSERT INTO CUSTOMER VALUES ('C05', 'Jonathan', 'Pascoe', '947239888', 'REGION_2');
INSERT INTO CUSTOMER VALUES ('C06', 'Christopher', 'Newton', '981863607', 'REGION_6');
INSERT INTO CUSTOMER VALUES ('C07', 'Roger', 'Mudd', '783593968', 'REGION_3');
INSERT INTO CUSTOMER VALUES ('C08', 'Surgena', 'Kilby', '867248692', 'REGION_2');
INSERT INTO CUSTOMER VALUES ('C09', 'Chris', 'Kattan', '938582859', 'REGION_1');
INSERT INTO CUSTOMER VALUES ('C10', 'Peter', 'Yarbrough', '569283068', 'REGION_4');

INSERT INTO MANAGER VALUES ('M1', 'E10');
INSERT INTO MANAGER VALUES ('M2', 'E8');
INSERT INTO MANAGER VALUES ('M3', 'E9');
INSERT INTO MANAGER VALUES ('M4', 'E4');
INSERT INTO MANAGER VALUES ('M5', 'E6');
INSERT INTO MANAGER VALUES ('M6', 'E5');
INSERT INTO MANAGER VALUES ('M7', 'E3');
INSERT INTO MANAGER VALUES ('M8', 'E7');
INSERT INTO MANAGER VALUES ('M9', 'E1');
INSERT INTO MANAGER VALUES ('M10', 'E2');

INSERT INTO PROJECT VALUES ('01', 'C05', 'M9', 'Multi-Page Responsive Website', DATE '2018-05-15', DATE '2018-05-25', DATE '2018-06-25', 5000, DATE '2018-05-25', DATE '2018-06-25', 4564);
INSERT INTO PROJECT VALUES ('02', 'C04', 'M8', 'Small Javascript Game', DATE '2018-04-15', DATE '2018-05-17', DATE '2018-05-20', 500, DATE '2018-05-17', DATE '2018-05-20', 400);
INSERT INTO PROJECT VALUES ('03', 'C10', 'M7', 'Web Scraper', DATE '2018-06-20', DATE '2018-06-30', DATE '2018-07-15', 2500, DATE '2018-06-30', DATE '2018-07-15', 2500);
INSERT INTO PROJECT VALUES ('04', 'C09', 'M1', 'Chess Game', DATE '2018-01-15', DATE '2018-01-17', DATE '2018-02-01', 1000, DATE '2018-01-17', DATE '2018-02-01', 1000);
INSERT INTO PROJECT VALUES ('05', 'C03', 'M2', 'Social Networking Site', DATE '2018-08-15', DATE '2018-09-17', DATE '2018-11-15', 5000, DATE '2018-09-17', DATE '2018-11-15', 5000);
INSERT INTO PROJECT VALUES ('06', 'C02', 'M4', 'Online Store Website', DATE '2018-12-15', DATE '2018-12-17', DATE '2019-01-15', 3000, DATE '2018-12-17', DATE '2019-01-15', 2500);
-- INSERT INTO PROJECT VALUES ('07', 'C01', 'M5', 'Chat App', DATE '2018-03-15', DATE '2018-03-17', DATE '2018-05-15', 'P5000', DATE '2018-05-15', DATE '2018-05-15', 4564);
-- INSERT INTO PROJECT VALUES ('08', 'C07', 'M3', 'Note-taking App', DATE '2018-05-15', DATE '2018-05-17', DATE '2018-05-15', 'P5000', DATE '2018-05-15', DATE '2018-05-15', 4564);
-- INSERT INTO PROJECT VALUES ('09', 'C08', 'M10', 'Portfolio Site', DATE '2018-05-15', DATE '2018-05-17', DATE '2018-05-15', 'P5000', DATE '2018-05-15', DATE '2018-05-15', 4564);
-- INSERT INTO PROJECT VALUES ('10', 'C06', 'M6', 'Weather App', DATE '2018-05-15', DATE '2018-05-17', DATE '2018-05-15', 'P5000', DATE '2018-05-15', DATE '2018-05-15', 4564);

INSERT INTO TASK VALUES ('T01', 'Initial Interview', //DATE '2018-05-15', DATE '2018-05-15'//, 'SKILL_15', 7, '7');
INSERT INTO TASK VALUES ('T02', 'Implementation', DATE '2018-05-15', DATE '2018-05-15', 'SKILL_15', 7, '7');
INSERT INTO TASK VALUES ('T03', 'Coding', DATE '2018-05-15', DATE '2018-05-15', 'SKILL_15', 7, '7');
INSERT INTO TASK VALUES ('T04', 'Testing', DATE '2018-05-15', DATE '2018-05-15', 'SKILL_15', 7, '7');
INSERT INTO TASK VALUES ('T05', 'Final Evaluation', DATE '2018-05-15', DATE '2018-05-15', 'SKILL_15', 7, '7');
INSERT INTO TASK VALUES ('T06', 'Sign-off', DATE '2018-05-15', DATE '2018-05-15', 'SKILL_15', 7, '7');
INSERT INTO TASK VALUES ('T07', 'Design', DATE '2018-05-15', DATE '2018-05-15', 'SKILL_15', 7, '7');
INSERT INTO TASK VALUES ('T08', 'Documentation', DATE '2018-05-15', DATE '2018-05-15', 'SKILL_15', 7, '7');
INSERT INTO TASK VALUES ('T09', 'Planning', DATE '2018-05-15', DATE '2018-05-15', 'SKILL_15', 7, '7');
INSERT INTO TASK VALUES ('T10', 'Planning', DATE '2018-05-15', DATE '2018-05-15', 'SKILL_15', 7, '7');

INSERT INTO PROJECT_SCHEDULE VALUES ('A', '01', 'M9', 'REGION_3', 'T07');
INSERT INTO PROJECT_SCHEDULE VALUES ('B', '02', 'M8', 'REGION_5', 'T07');
INSERT INTO PROJECT_SCHEDULE VALUES ('C', '03', 'M7', 'REGION_2', 'T07');
INSERT INTO PROJECT_SCHEDULE VALUES ('D', '04', 'M1', 'REGION_1', 'T07');
INSERT INTO PROJECT_SCHEDULE VALUES ('E', '05', 'M2', 'REGION_9', 'T07');
INSERT INTO PROJECT_SCHEDULE VALUES ('F', '06', 'M4', 'REGION_3', 'T07');
INSERT INTO PROJECT_SCHEDULE VALUES ('G', '07', 'M5', 'REGION_3', 'T07');
INSERT INTO PROJECT_SCHEDULE VALUES ('H', '08', 'M3', 'REGION_3', 'T07');
INSERT INTO PROJECT_SCHEDULE VALUES ('I', '09', 'M10', 'REGION_3', 'T07');
INSERT INTO PROJECT_SCHEDULE VALUES ('J', '10', 'M6', 'REGION_3', 'T07');

INSERT INTO ASSIGNMENT VALUES ('A1', 'T10', /////// DATE '2018-05-15', DATE '2018-05-15', 'E9');
INSERT INTO ASSIGNMENT VALUES ('A2', 'T01', DATE '2018-05-15', DATE '2018-05-15', 'E9');
INSERT INTO ASSIGNMENT VALUES ('A3', 'T02', DATE '2018-05-15', DATE '2018-05-15', 'E9');
INSERT INTO ASSIGNMENT VALUES ('A4', 'T06', DATE '2018-05-15', DATE '2018-05-15', 'E9');
INSERT INTO ASSIGNMENT VALUES ('A5', 'T04', DATE '2018-05-15', DATE '2018-05-15', 'E9');
INSERT INTO ASSIGNMENT VALUES ('A6', 'T03', DATE '2018-05-15', DATE '2018-05-15', 'E9');
INSERT INTO ASSIGNMENT VALUES ('A7', 'T09', DATE '2018-05-15', DATE '2018-05-15', 'E9');
INSERT INTO ASSIGNMENT VALUES ('A8', 'T08', DATE '2018-05-15', DATE '2018-05-15', 'E9');
INSERT INTO ASSIGNMENT VALUES ('A9', 'T07', DATE '2018-05-15', DATE '2018-05-15', 'E9');
INSERT INTO ASSIGNMENT VALUES ('A10', 'T05', DATE '2018-05-15', DATE '2018-05-15', 'E9');

SELECT * FROM REGION;
SELECT * FROM SKILL_COLLECTION;
SELECT * FROM EMPLOYEE;
SELECT * FROM EMPLOYEE_SKILL;
SELECT * FROM CUSTOMER;
SELECT * FROM MANAGER;
SELECT * FROM PROJECT;
SELECT * FROM TASK;
SELECT * FROM PROJECT_SCHEDULE;
SELECT * FROM ASSIGNMENT;
SELECT * FROM BILL;
SELECT * FROM WORK_LOG;