INSERT INTO REGION VALUES ('REGION_1', 'Northwest (NW)');
INSERT INTO REGION VALUES ('REGION_2', 'Southwest (SW)');
INSERT INTO REGION VALUES ('REGION_3', 'Midwest North (MN)');
INSERT INTO REGION VALUES ('REGION_4', 'Midwest South (MS)');
INSERT INTO REGION VALUES ('REGION_5', 'Northeast (NE)');
INSERT INTO REGION VALUES ('REGION_6', 'Southeast (SE)');

INSERT INTO SKILL_COLLECTION VALUES ('SKILL_1', 'Data Entry I', NULL);
INSERT INTO SKILL_COLLECTION VALUES ('SKILL_2', 'Data Entry II', NULL);
INSERT INTO SKILL_COLLECTION VALUES ('SKILL_3', 'Systems Analyst I', NULL);
INSERT INTO SKILL_COLLECTION VALUES ('SKILL_4', 'Systems Analyst II', NULL);
INSERT INTO SKILL_COLLECTION VALUES ('SKILL_5', 'Database Designer I', NULL);
INSERT INTO SKILL_COLLECTION VALUES ('SKILL_6', 'Database Designer II', NULL);
INSERT INTO SKILL_COLLECTION VALUES ('SKILL_7', 'Java I', NULL);
INSERT INTO SKILL_COLLECTION VALUES ('SKILL_8', 'Java II', NULL);
INSERT INTO SKILL_COLLECTION VALUES ('SKILL_9', 'C++ I', NULL);
INSERT INTO SKILL_COLLECTION VALUES ('SKILL_10', 'C++ II', NULL);
INSERT INTO SKILL_COLLECTION VALUES ('SKILL_11', 'Python I', NULL);
INSERT INTO SKILL_COLLECTION VALUES ('SKILL_12', 'Python II', NULL);
INSERT INTO SKILL_COLLECTION VALUES ('SKILL_13', 'ColdFusion I', NULL);
INSERT INTO SKILL_COLLECTION VALUES ('SKILL_14', 'ColdFusion II', NULL);
INSERT INTO SKILL_COLLECTION VALUES ('SKILL_15', 'ASP I', NULL);
INSERT INTO SKILL_COLLECTION VALUES ('SKILL_16', 'ASP II', NULL);
INSERT INTO SKILL_COLLECTION VALUES ('SKILL_17', 'Oracle DBA', NULL);
INSERT INTO SKILL_COLLECTION VALUES ('SKILL_18', 'MS SQL Server DBA', NULL);
INSERT INTO SKILL_COLLECTION VALUES ('SKILL_19', 'Network Engineer I', NULL);
INSERT INTO SKILL_COLLECTION VALUES ('SKILL_20', 'Network Engineer II', NULL);
INSERT INTO SKILL_COLLECTION VALUES ('SKILL_21', 'Web Administrator', NULL);
INSERT INTO SKILL_COLLECTION VALUES ('SKILL_22', 'Technical Writer', NULL);
INSERT INTO SKILL_COLLECTION VALUES ('SKILL_23', 'Project Manager', NULL);

INSERT INTO EMPLOYEE VALUES ('E1', 'Shane', 'S.', 'Burklow', 'REGION_1');
INSERT INTO EMPLOYEE VALUES ('E2', 'Sean', 'S.', 'Connor', 'REGION_6');
INSERT INTO EMPLOYEE VALUES ('E3', 'Mary', 'S.', 'Smith', 'REGION_5');
INSERT INTO EMPLOYEE VALUES ('E4', 'Emily', 'E.', 'Bush', 'REGION_4');
INSERT INTO EMPLOYEE VALUES ('E5', 'Jose', 'J.', 'Smith', 'REGION_3');
INSERT INTO EMPLOYEE VALUES ('E6', 'Frank', 'M.', 'Smith', 'REGION_1');
INSERT INTO EMPLOYEE VALUES ('E7', 'Steve', 'S.', 'Zebras', 'REGION_2');
INSERT INTO EMPLOYEE VALUES ('E8', 'Marcus', 'M.', 'Ellis', 'REGION_3');
INSERT INTO EMPLOYEE VALUES ('E9', 'Timothy', 'V.', 'Ephanor', 'REGION_6');
INSERT INTO EMPLOYEE VALUES ('E10', 'Adam', 'A.', 'Summers', 'REGION_1');

INSERT INTO EMPLOYEE_SKILL VALUES ('E1', 'SKILL_10');
INSERT INTO EMPLOYEE_SKILL VALUES ('E2', 'SKILL_1');
INSERT INTO EMPLOYEE_SKILL VALUES ('E3', 'SKILL_2');
INSERT INTO EMPLOYEE_SKILL VALUES ('E4', 'SKILL_5');
INSERT INTO EMPLOYEE_SKILL VALUES ('E5', 'SKILL_8');
INSERT INTO EMPLOYEE_SKILL VALUES ('E6', 'SKILL_11');
INSERT INTO EMPLOYEE_SKILL VALUES ('E7', 'SKILL_13');
INSERT INTO EMPLOYEE_SKILL VALUES ('E8', 'SKILL_18');
INSERT INTO EMPLOYEE_SKILL VALUES ('E9', 'SKILL_20');
INSERT INTO EMPLOYEE_SKILL VALUES ('E10', 'SKILL_21');

INSERT INTO CUSTOMER VALUES ('C01', 'Rogers', 'Adam', '805151300', 'REGION_1');
INSERT INTO CUSTOMER VALUES ('C02', 'Brad', 'Paine', '805151300', 'REGION_5');
INSERT INTO CUSTOMER VALUES ('C03', 'Larry', 'Bender', '805151300', 'REGION_4');
INSERT INTO CUSTOMER VALUES ('C04', 'Miriam', 'Duarte', '805151300', 'REGION_3');
INSERT INTO CUSTOMER VALUES ('C05', 'Jonathan', 'Pascoe', '805151300', 'REGION_2');
INSERT INTO CUSTOMER VALUES ('C06', 'Christopher', 'Newton', '805151300', 'REGION_6');
INSERT INTO CUSTOMER VALUES ('C07', 'Roger', 'Mudd', '805151300', 'REGION_3');
INSERT INTO CUSTOMER VALUES ('C08', 'Surgena', 'Kilby', '805151300', 'REGION_2');
INSERT INTO CUSTOMER VALUES ('C09', 'Chris', 'Kattan', '805151300', 'REGION_1');
INSERT INTO CUSTOMER VALUES ('C10', 'Peter', 'Yarbrough', '805151300', 'REGION_4');

INSERT INTO MANAGER VALUES ('M1', 'E10');
INSERT INTO MANAGER VALUES ('M2', 'E8');
INSERT INTO MANAGER VALUES ('M3', 'E9');
INSERT INTO MANAGER VALUES ('M4', 'E4');
INSERT INTO MANAGER VALUES ('M5', 'E6');
INSERT INTO MANAGER VALUES ('M6', 'E5');
INSERT INTO MANAGER VALUES ('M7', 'E3');
INSERT INTO MANAGER VALUES ('M8', 'E7');
INSERT INTO MANAGER VALUES ('M9', 'E1');
INSERT INTO MANAGER VALUES ('M10', 'E2');




SELECT * FROM REGION;
SELECT * FROM SKILL_COLLECTION;
SELECT * FROM EMPLOYEE;
SELECT * FROM EMPLOYEE_SKILL;
SELECT * FROM CUSTOMER;
SELECT * FROM MANAGER;
SELECT * FROM PROJECT;
SELECT * FROM TASK;
SELECT * FROM PROJECT_SCHEDULE;
SELECT * FROM ASSIGNMENT;